{
  "id": "cn49ekavayrg008em7gg",
  "hub": "ibm-q",
  "group": "open",
  "project": "main",
  "backend": "ibm_brisbane",
  "state": {
    "status": "Completed"
  },
  "params": {
    "circuits": [
      "OPENQASM 2.0;\ninclude \"qelib1.inc\";\n\nqreg q[1];\ncreg c[1];\nh q[0];\nmeasure q[0] -> c[0];\n"
    ],
    "run_options": {
      "shots": 1024
    }
  },
  "program": {
    "id": "sampler"
  },
  "created": "2023-11-06T07:35:41.087423Z",
  "tags": [
    "composer-info:composer:true",
    "composer-info:code-id:38d624cb6778697d86dcbbe9f268c7668903502c50afb5c8e069052267d57ca4",
    "composer-info:code-version-id:654895c94cb51d73583ae883"
  ],
  "cost": 600,
  "estimated_running_time_seconds": 33.12070800792036,
  "estimated_max_running_time_seconds": 165.60354003960182,
  "status": "Completed"
}